Id,First Name,Last Name,Email,Phone
1,Quang,Huynh,quanght@gmail.com,841257999
2,Trung,Nguyen,trungnt@gmail.com,8455556
3,Long,tran,trungnt@gmail.com,8455556
4,linh,vo,trungnt@gmail.com,8455556
5,hong,le,trungnt@gmail.com,8455556
6,nhat,dang,trungnt@gmail.com,8455556
7,ha,ngo,trungnt@gmail.com,8455556
8,hanh,pham,trungnt@gmail.com,8455556
9,mai,Do,trungnt@gmail.com,8455556
10,hoc,Nguyen,trungnt@gmail.com,8455556
11,anh,Nguyen,trungnt@gmail.com,8455556
12,toa,Nguyen,trungnt@gmail.com,8455556
13,ngoc,Nguyen,trungnt@gmail.com,8455556
14,quynh,Nguyen,trungnt@gmail.com,8455556
15,dang,Nguyen,trungnt@gmail.com,8455556
16,quoc,Nguyen,trungnt@gmail.com,8455556
17,tan,Nguyen,trungnt@gmail.com,8455556
18,ban,Nguyen,trungnt@gmail.com,8455556
19,khanh,Nguyen,trungnt@gmail.com,8455556
20,tung,Nguyen,trungnt@gmail.com,8455556
21,vy,Nguyen,trungnt@gmail.com,8455556
22,Trung,Nguyen,trungnt@gmail.com,8455556
23,Trung,Nguyen,trungnt@gmail.com,8455556
24,Trung,Nguyen,trungnt@gmail.com,8455556
25,Trung,Nguyen,trungnt@gmail.com,8455556
26,Trung,Nguyen,trungnt@gmail.com,8455556
27,Trung,Nguyen,trungnt@gmail.com,8455556
28,Trung,Nguyen,trungnt@gmail.com,8455556
29,Trung,Nguyen,trungnt@gmail.com,8455556
30,Trung,Nguyen,trungnt@gmail.com,8455556
31,Trung,Nguyen,trungnt@gmail.com,8455556
32,Trung,Nguyen,trungnt@gmail.com,8455556
33,Trung,Nguyen,trungnt@gmail.com,8455556
34,Trung,Nguyen,trungnt@gmail.com,8455556
35,Trung,Nguyen,trungnt@gmail.com,8455556
36,Trung,Nguyen,trungnt@gmail.com,8455556
